{
  "English": 1,
  "French": 2,
  "Italian": 3,
  "German": 4,
  "Spanish": 5,
  "Russian": 6,
  "Mandarin": 7,
  "Latin": 8,
  "Dutch": 9,
  "Cantonese": 10,
  "Algonquin": 11,
  "Hungarian": 12,
  "Albanian": 13,
  "Hebrew": 14,
  "Korean": 15,
  "American Sign": 16,
  "Persian": 17,
  "Danish": 18,
  "Gaelic": 19,
  "Hawaiian": 20,
  "Japanese": 21,
  "Hindi": 22,
  "Punjabi": 23,
  "Urdu": 24,
  "Sicilian": 25,
  "Arabic": 26,
  "Yiddish": 27,
  "Bengali": 28,
  "Serbo-Croatian": 29,
  "Croatian": 30,
  "Romanian": 31,
  "Malay": 32,
  "Indonesian": 33,
  "Finnish": 34,
  "Luxembourgish": 35,
  "French Sign": 36,
  "Sioux": 37,
  "Macedonian": 38,
  "Swedish": 39,
  "Cornish": 40,
  "Vietnamese": 41,
  "Swahili": 42,
  "Navajo": 43,
  "Maori": 44,
  "Polish": 45,
  "Irish Gaelic": 46,
  "Norwegian": 47,
  "Egyptian (Ancient)": 48,
  "Klingon": 49,
  "Filipino": 50,
  "British Sign": 51,
  "Xhosa": 52,
  "Zulu": 53,
  "Esperanto": 54,
  "Apache languages": 55,
  "Welsh": 56,
  "Chinese": 57,
  "Neapolitan": 58,
  "Pawnee": 59,
  "Greek": 60,
  "Catalan": 61,
  "Czech": 62,
  "Icelandic": 63,
  "Afrikaans": 64,
  "Serbian": 65,
  "Portuguese": 66,
  "Karaj\u00e1": 67,
  "Flemish": 68,
  "Cree": 69,
  "N/A": 70,
  "Wolof": 71,
  "More": 72,
  "Tagalog": 73,
  "Thai": 74,
  "Latvian": 75,
  "None": 76,
  "Bulgarian": 77,
  "Inuktitut": 78,
  "Turkish": 79,
  "Nepali": 80,
  "Hopi": 81,
  "Central Khmer": 82,
  "North American Indian": 83,
  "Aboriginal": 84,
  "Ukrainian": 85,
  "Slovak": 86,
  "Georgian": 87,
  "Chechen": 88,
  "Bosnian": 89,
  "Tibetan": 90,
  "Mende": 91,
  "Syriac": 92,
  "Assyrian Neo-Aramaic": 93,
  "Min Nan": 94,
  "German Sign": 95,
  "Polynesian": 96,
  "Kurdish": 97,
  "Scots": 98,
  "Sinhala": 99,
  "Sindarin": 100,
  "Ungwatsi": 101,
  "Assamese": 102,
  "Tok Pisin": 103,
  "Washoe": 104,
  "Sanskrit": 105,
  "Guarani": 106,
  "Norse": 107,
  "Old": 108,
  "Aramaic": 109,
  "Romany": 110,
  "Slovenian": 111,
  "Quechua": 112,
  "Crow": 113,
  "Ancient (to 1453)": 114,
  "Tamil": 115,
  "Papiamento": 116,
  "Basque": 117,
  "Azerbaijani": 118,
  "Maltese": 119,
  "Galician": 120,
  "Lao": 121,
  "Dari": 122,
  "Pashtu": 123,
  "Shanghainese": 124,
  "Scanian": 125,
  "Hokkien": 126,
  "Lingala": 127,
  "Bambara": 128,
  "Spanish Sign": 129,
  "Mohawk": 130,
  "Hausa": 131,
  "Somali": 132,
  "Middle English": 133,
  "Yoruba": 134,
  "Eastern Frisian": 135,
  "Ryukyuan": 136,
  "Marshallese": 137,
  "Armenian": 138,
  "Occitan": 139,
  "Old English": 140,
  "Japanese Sign": 141,
  "Berber languages": 142,
  "Tonga (Tonga Islands)": 143,
  "Hakka": 144,
  "Saami": 145,
  "Malinka": 146,
  "Swiss German": 147,
  "Belarusian": 148,
  "Amharic": 149,
  "Quenya": 150,
  "Nahuatl": 151,
  "Tuvinian": 152,
  "Brazilian Sign": 153,
  "Tajik": 154,
  "Uzbek": 155,
  "Ladakhi": 156,
  "Arapaho": 157,
  "Cheyenne": 158,
  "Mapudungun": 159,
  "Burmese": 160,
  "Tatar": 161,
  "Maya": 162,
  "Ewe": 163,
  "Rajasthani": 164,
  "Tzotzil": 165,
  "Kuna": 166,
  "Athapascan languages": 167,
  "Korean Sign": 168,
  "Corsican": 169,
  "Mongolian": 170,
  "Dinka": 171,
  "Kinyarwanda": 172,
  "Dzongkha": 173,
  "Estonian": 174,
  "Telugu": 175,
  "Lithuanian": 176,
  "Shanxi": 177,
  "Kirundi": 178,
  "Kazakh": 179,
  "Central American Indian languages": 180,
  "Fur": 181,
  "Acholi": 182,
  "Low German": 183,
  "Hmong": 184,
  "Frisian": 185,
  "Turkmen": 186,
  "Haitian": 187,
  "Awadhi": 188,
  "Malayalam": 189,
  "Nyanja": 190,
  "Sotho": 191,
  "Sardinian": 192,
  "Gujarati": 193,
  "Dyula": 194,
  "Fulah": 195,
  "Kabuverdianu": 196,
  "Nenets": 197,
  "Marathi": 198,
  "Kru": 199,
  "Bhojpuri": 200,
  "Scottish Gaelic": 201,
  "Sign": 202,
  "Tupi": 203,
  "Indian Sign": 204,
  "Uighur": 205,
  "Ibo": 206,
  "Tarahumara": 207,
  "Aymara": 208,
  "Kabyle": 209,
  "Shoshoni": 210,
  "Tulu": 211,
  "Hassanya": 212,
  "Balinese": 213,
  "Masai": 214,
  "Kyrgyz": 215,
  "American Sign Language": 216,
  "Nama": 217,
  "Bable": 218,
  "Shona": 219,
  "Greenlandic": 220,
  "Minangkabau": 221,
  "Ladino": 222,
  "Manipuri": 223,
  "Mari": 224,
  "Peul": 225,
  "Tamashek": 226,
  "Ukrainian Sign": 227,
  "Abkhazian": 228,
  "Kannada": 229,
  "Samoan": 230,
  "Akan": 231,
  "Oriya": 232,
  "Nyaneka": 233,
  "Australian Sign": 234
}