id,name
1,English
2,French
3,Italian
4,German
5,Spanish
6,Russian
7,Mandarin
8,Latin
9,Dutch
10,Cantonese
11,Algonquin
12,Hungarian
13,Albanian
14,Hebrew
15,Korean
16,American Sign
17,Persian
18,Danish
19,Gaelic
20,Hawaiian
21,Japanese
22,Hindi
23,Punjabi
24,Urdu
25,Sicilian
26,Arabic
27,Yiddish
28,Bengali
29,Serbo-Croatian
30,Croatian
31,Romanian
32,Malay
33,Indonesian
34,Finnish
35,Luxembourgish
36,French Sign
37,Sioux
38,Macedonian
39,Swedish
40,Cornish
41,Vietnamese
42,Swahili
43,Navajo
44,Maori
45,Polish
46,Irish Gaelic
47,Norwegian
48,Egyptian (Ancient)
49,Klingon
50,Filipino
51,British Sign
52,Xhosa
53,Zulu
54,Esperanto
55,Apache languages
56,Welsh
57,Chinese
58,Neapolitan
59,Pawnee
60,Greek
61,Catalan
62,Czech
63,Icelandic
64,Afrikaans
65,Serbian
66,Portuguese
67,Karajá
68,Flemish
69,Cree
70,N/A
71,Wolof
72,More
73,Tagalog
74,Thai
75,Latvian
76,None
77,Bulgarian
78,Inuktitut
79,Turkish
80,Nepali
81,Hopi
82,Central Khmer
83,North American Indian
84,Aboriginal
85,Ukrainian
86,Slovak
87,Georgian
88,Chechen
89,Bosnian
90,Tibetan
91,Mende
92,Syriac
93,Assyrian Neo-Aramaic
94,Min Nan
95,German Sign
96,Polynesian
97,Kurdish
98,Scots
99,Sinhala
100,Sindarin
101,Ungwatsi
102,Assamese
103,Tok Pisin
104,Washoe
105,Sanskrit
106,Guarani
107,Norse
108,Old
109,Aramaic
110,Romany
111,Slovenian
112,Quechua
113,Crow
114,Ancient (to 1453)
115,Tamil
116,Papiamento
117,Basque
118,Azerbaijani
119,Maltese
120,Galician
121,Lao
122,Dari
123,Pashtu
124,Shanghainese
125,Scanian
126,Hokkien
127,Lingala
128,Bambara
129,Spanish Sign
130,Mohawk
131,Hausa
132,Somali
133,Middle English
134,Yoruba
135,Eastern Frisian
136,Ryukyuan
137,Marshallese
138,Armenian
139,Occitan
140,Old English
141,Japanese Sign
142,Berber languages
143,Tonga (Tonga Islands)
144,Hakka
145,Saami
146,Malinka
147,Swiss German
148,Belarusian
149,Amharic
150,Quenya
151,Nahuatl
152,Tuvinian
153,Brazilian Sign
154,Tajik
155,Uzbek
156,Ladakhi
157,Arapaho
158,Cheyenne
159,Mapudungun
160,Burmese
161,Tatar
162,Maya
163,Ewe
164,Rajasthani
165,Tzotzil
166,Kuna
167,Athapascan languages
168,Korean Sign
169,Corsican
170,Mongolian
171,Dinka
172,Kinyarwanda
173,Dzongkha
174,Estonian
175,Telugu
176,Lithuanian
177,Shanxi
178,Kirundi
179,Kazakh
180,Central American Indian languages
181,Fur
182,Acholi
183,Low German
184,Hmong
185,Frisian
186,Turkmen
187,Haitian
188,Awadhi
189,Malayalam
190,Nyanja
191,Sotho
192,Sardinian
193,Gujarati
194,Dyula
195,Fulah
196,Kabuverdianu
197,Nenets
198,Marathi
199,Kru
200,Bhojpuri
201,Scottish Gaelic
202,Sign
203,Tupi
204,Indian Sign
205,Uighur
206,Ibo
207,Tarahumara
208,Aymara
209,Kabyle
210,Shoshoni
211,Tulu
212,Hassanya
213,Balinese
214,Masai
215,Kyrgyz
216,American Sign Language
217,Nama
218,Bable
219,Shona
220,Greenlandic
221,Minangkabau
222,Ladino
223,Manipuri
224,Mari
225,Peul
226,Tamashek
227,Ukrainian Sign
228,Abkhazian
229,Kannada
230,Samoan
231,Akan
232,Oriya
233,Nyaneka
234,Australian Sign
